{
  "name": "app",
  "version": "0.1.0",
  "private": true,
  "dependencies": {
    "@iconify/react": "^5.0.2",
    "@radix-ui/react-avatar": "^1.1.0",
    "@radix-ui/react-checkbox": "^1.1.1",
    "@radix-ui/react-icons": "^1.3.0",
    "@radix-ui/react-label": "^2.1.0",
    "@radix-ui/react-select": "^2.1.1",
    "@radix-ui/react-slot": "^1.1.0",
    "@radix-ui/react-tabs": "^1.1.0",
    "@testing-library/jest-dom": "^5.17.0",
    "@testing-library/react": "^13.4.0",
    "@testing-library/user-event": "^13.5.0",
    "axios": "^1.7.7",
    "class-variance-authority": "^0.7.0",
    "clsx": "^2.1.1",
    "iconify": "^1.4.0",
    "lucide-react": "^0.441.0",
    "react": "^18.3.1",
    "react-dom": "^18.3.1",
    "react-icons": "^5.3.0",
    "react-redux": "^9.1.2",
    "react-scripts": "5.0.1",
    "redux": "^5.0.1",
    "tailwind-merge": "^2.5.2",
    "tailwindcss-animate": "^1.0.7",
    "web-vitals": "^2.1.4"
  },
  "scripts": {
    "start": "react-scripts start",
    "build": "react-scripts build",
    "test": "react-scripts test",
    "eject": "react-scripts eject",
    "watch": "npx tailwindcss -i ./src/index.css -o ./public/output.css --watch"
  },
  "eslintConfig": {
    "extends": [
      "react-app",
      "react-app/jest"
    ]
  },
  "browserslist": {
    "production": [
      ">0.2%",
      "not dead",
      "not op_mini all"
    ],
    "development": [
      "last 1 chrome version",
      "last 1 firefox version",
      "last 1 safari version"
    ]
  },
  "devDependencies": {
    "tailwindcss": "^3.4.12"
  }
}
